CustomerID,SaleDate,Revenue
1,1/31/2024,"$16,125,545.98 "
2,1/22/2024,"$24,150,452.57 "
3,3/5/2023,"$90,442,055.02 "
4,12/2/2023,"$79,643,753.82 "
5,8/5/2023,"$46,645,736.95 "
6,1/9/2024,"$3,562,814.27 "
7,11/11/2023,"$60,153,645.62 "
8,1/10/2024,"$69,400,465.73 "
9,3/20/2023,"$1,476,292.87 "
10,10/28/2023,"$61,247,373.16 "
11,12/5/2023,"$74,920,870.09 "
12,11/29/2023,"$56,023,766.09 "
13,11/5/2023,"$73,629,720.93 "
14,9/1/2023,"$64,552,648.28 "
15,2/26/2023,"$62,106,259.70 "
16,8/3/2023,"$85,083,060.78 "
17,8/29/2023,"$69,665,422.70 "
18,6/19/2023,"$58,606,732.90 "
19,10/28/2023,"$85,133,324.86 "
20,11/5/2023,"$94,088,769.11 "
21,12/25/2023,"$5,872,306.50 "
22,12/15/2023,"$51,523,802.96 "
23,3/31/2023,"$22,297,178.27 "
24,2/19/2024,"$72,707,361.63 "
25,1/16/2024,"$11,187,564.71 "
26,12/6/2023,"$61,133,824.68 "
27,6/16/2023,"$40,546,412.58 "
28,6/24/2023,"$84,280,938.02 "
29,5/12/2023,"$44,308,207.46 "
30,9/22/2023,"$46,477,122.25 "
31,2/4/2024,"$12,431,659.25 "
32,7/21/2023,"$62,931,151.63 "
33,5/25/2023,"$13,944,704.27 "
34,3/24/2023,"$99,225,206.75 "
35,7/26/2023,"$91,180,039.03 "
36,9/28/2023,"$37,860,664.33 "
37,1/31/2024,"$67,437,803.17 "
38,2/20/2024,"$56,197,713.40 "
39,3/2/2023,"$42,128,487.43 "
40,5/28/2023,"$46,420,289.14 "
41,3/31/2023,"$83,745,036.70 "
42,6/6/2023,"$95,860,915.81 "
43,10/14/2023,"$21,719,081.69 "
44,12/20/2023,"$14,814,857.43 "
45,10/13/2023,"$18,360,640.12 "
46,5/2/2023,"$18,369,793.06 "
47,5/23/2023,"$56,389,364.96 "
48,4/4/2023,"$75,460,317.84 "
49,11/25/2023,"$66,488,743.21 "
50,3/5/2023,"$36,532,935.78 "
51,10/15/2023,"$22,987,732.00 "
52,7/12/2023,"$5,872,510.61 "
53,10/30/2023,"$1,438,661.09 "
54,9/29/2023,"$89,588,266.61 "
55,4/11/2023,"$559,749.17 "
56,11/2/2023,"$87,932,846.72 "
57,11/25/2023,"$34,543,633.63 "
58,3/3/2023,"$74,508,245.82 "
59,3/19/2023,"$77,297,095.00 "
60,8/4/2023,"$18,268,694.51 "
61,2/28/2023,"$47,832,035.90 "
62,3/14/2023,"$7,494,266.95 "
63,4/6/2023,"$49,002,696.51 "
64,5/29/2023,"$59,296,200.69 "
65,6/22/2023,"$59,225,065.55 "
66,2/18/2024,"$7,981,369.21 "
67,5/11/2023,"$30,283,024.11 "
68,4/1/2023,"$50,524,206.67 "
69,8/21/2023,"$82,409,784.08 "
70,1/22/2024,"$3,736,847.42 "
71,4/30/2023,"$24,996,793.76 "
72,7/31/2023,"$14,557,711.64 "
73,5/17/2023,"$55,418,282.16 "
74,5/2/2023,"$30,865,878.35 "
75,3/26/2023,"$26,781,538.92 "
76,1/15/2024,"$14,295,942.24 "
77,10/31/2023,"$29,986,526.69 "
78,10/8/2023,"$66,573,879.32 "
79,11/27/2023,"$32,350,135.23 "
80,2/13/2024,"$24,403,850.96 "
81,7/25/2023,"$63,699,617.88 "
82,11/6/2023,"$51,992,058.87 "
83,7/23/2023,"$50,605,652.03 "
84,1/17/2024,"$64,043,275.58 "
85,4/9/2023,"$22,937,420.61 "
86,6/29/2023,"$74,280,946.47 "
87,7/27/2023,"$87,317,378.71 "
88,5/4/2023,"$77,330,008.38 "
89,9/22/2023,"$19,943,480.15 "
90,7/6/2023,"$11,061,286.62 "
91,12/5/2023,"$43,071,264.39 "
92,11/22/2023,"$35,325,323.08 "
93,2/12/2024,"$61,020,068.50 "
94,9/27/2023,"$34,865,175.13 "
95,8/4/2023,"$72,543,844.16 "
96,6/9/2023,"$47,885,637.63 "
97,1/26/2024,"$55,179,093.46 "
98,6/28/2023,"$62,051,756.24 "
99,12/22/2023,"$38,683,322.09 "
100,1/9/2024,"$45,516,660.45 "
101,11/12/2023,"$27,784,579.89 "
102,9/28/2023,"$26,033,283.05 "
103,5/7/2023,"$63,708,093.12 "
104,11/1/2023,"$13,944,164.14 "
105,12/8/2023,"$12,576,127.12 "
106,6/23/2023,"$4,193,009.58 "
107,8/20/2023,"$14,720,482.03 "
108,11/19/2023,"$27,922,757.27 "
109,7/26/2023,"$42,831,231.28 "
110,12/31/2023,"$82,751,544.94 "
111,8/14/2023,"$35,873,890.74 "
112,3/13/2023,"$98,960,393.43 "
113,6/27/2023,"$35,275,876.06 "
114,7/20/2023,"$82,401,252.20 "
115,9/20/2023,"$59,099,244.44 "
116,11/19/2023,"$85,791,375.25 "
117,5/16/2023,"$46,828,441.96 "
118,7/17/2023,"$17,124,721.43 "
119,8/6/2023,"$57,670,499.68 "
120,7/18/2023,"$15,531,435.84 "
121,12/3/2023,"$71,890,786.76 "
122,5/24/2023,"$99,716,215.58 "
123,3/18/2023,"$63,916,561.77 "
124,1/11/2024,"$17,186,286.22 "
125,7/1/2023,"$63,735,905.25 "
126,1/5/2024,"$50,893,404.96 "
127,10/24/2023,"$52,297,676.61 "
128,7/3/2023,"$14,360,798.24 "
129,6/30/2023,"$50,213,999.15 "
130,7/9/2023,"$40,521,080.45 "
131,6/16/2023,"$36,737,615.32 "
132,6/27/2023,"$98,747,240.78 "
133,12/30/2023,"$8,602,500.15 "
134,1/23/2024,"$15,293,858.03 "
135,12/20/2023,"$54,084,541.32 "
136,1/12/2024,"$19,565,597.81 "
137,7/8/2023,"$92,366,296.36 "
138,1/21/2024,"$6,851,604.15 "
139,3/15/2023,"$15,548,496.36 "
140,6/2/2023,"$40,613,181.22 "
141,4/5/2023,"$98,689,242.44 "
142,10/2/2023,"$1,080,399.07 "
143,11/22/2023,"$83,815,858.34 "
144,6/5/2023,"$22,404,377.64 "
145,4/22/2023,"$47,240,405.95 "
146,9/21/2023,"$32,348,668.40 "
147,3/30/2023,"$42,750,980.60 "
148,1/29/2024,"$85,028,820.34 "
149,5/12/2023,"$7,421,334.13 "
150,11/1/2023,"$23,023,585.94 "
151,5/9/2023,"$83,068,389.70 "
152,12/1/2023,"$20,845,129.40 "
153,9/25/2023,"$3,297,805.63 "
154,9/7/2023,"$9,761,256.28 "
155,11/9/2023,"$38,251,113.62 "
156,8/2/2023,"$10,799,014.36 "
157,8/27/2023,"$84,278,625.59 "
158,11/28/2023,"$65,461,602.54 "
159,5/31/2023,"$63,492,206.21 "
160,1/18/2024,"$93,087,199.70 "
161,3/23/2023,"$94,356,771.25 "
162,8/24/2023,"$66,345,875.21 "
163,3/23/2023,"$49,295,221.61 "
164,3/16/2023,"$11,857,743.24 "
165,1/5/2024,"$908,328.64 "
166,5/12/2023,"$84,305,244.54 "
167,4/26/2023,"$33,213,659.11 "
168,2/25/2024,"$10,349,271.47 "
169,10/19/2023,"$65,474,254.57 "
170,1/30/2024,"$43,405,907.79 "
171,9/15/2023,"$49,535,151.91 "
172,5/27/2023,"$32,782,553.71 "
173,4/5/2023,"$30,733,751.90 "
174,5/17/2023,"$55,738,228.32 "
175,10/12/2023,"$77,253,899.73 "
176,7/24/2023,"$56,417,506.38 "
177,1/28/2024,"$17,695,968.91 "
178,5/27/2023,"$53,669,072.92 "
179,8/12/2023,"$30,867,697.23 "
180,3/18/2023,"$27,214,575.42 "
181,5/7/2023,"$93,520,172.08 "
182,12/5/2023,"$10,412,048.27 "
183,7/12/2023,"$29,519,961.96 "
184,12/15/2023,"$4,302,280.73 "
185,1/27/2024,"$4,030,419.39 "
186,1/29/2024,"$86,976,350.72 "
187,6/23/2023,"$82,234,137.31 "
188,5/10/2023,"$31,977,805.60 "
189,8/3/2023,"$12,028,207.99 "
190,12/1/2023,"$57,370,542.07 "
191,3/10/2023,"$94,243,225.52 "
192,1/11/2024,"$35,085,526.44 "
193,1/25/2024,"$97,098,960.97 "
194,11/20/2023,"$77,856,852.47 "
195,10/12/2023,"$19,986,730.23 "
196,5/1/2023,"$54,132,309.93 "
197,12/10/2023,"$8,956,209.61 "
198,11/30/2023,"$60,267,414.28 "
199,2/24/2024,"$34,387,513.46 "
200,2/15/2024,"$67,588,059.08 "
201,9/26/2023,"$52,390,409.12 "
202,11/2/2023,"$25,671,298.24 "
203,3/9/2023,"$81,049,637.96 "
204,11/6/2023,"$56,279,691.56 "
205,4/22/2023,"$84,682,370.27 "
206,1/19/2024,"$1,480,957.40 "
207,12/7/2023,"$91,467,384.07 "
208,10/14/2023,"$47,811,086.49 "
209,5/29/2023,"$54,626,962.37 "
210,10/18/2023,"$66,354,536.43 "
211,1/23/2024,"$87,882,619.26 "
212,7/2/2023,"$85,222,707.84 "
213,3/26/2023,"$66,875,446.25 "
214,3/29/2023,"$30,720,372.46 "
215,8/20/2023,"$4,665,371.88 "
216,11/24/2023,"$76,101,597.01 "
217,2/2/2024,"$29,891,232.47 "
218,2/27/2023,"$61,340,207.87 "
219,10/13/2023,"$34,072,948.19 "
220,10/6/2023,"$13,021,234.09 "
221,11/13/2023,"$53,806,937.74 "
222,3/29/2023,"$22,205,268.65 "
223,5/22/2023,"$95,866,918.00 "
224,8/28/2023,"$24,596,254.97 "
225,8/6/2023,"$22,283,203.14 "
226,12/4/2023,"$84,106,241.83 "
227,4/9/2023,"$61,620,365.51 "
228,1/29/2024,"$97,096,345.45 "
229,1/29/2024,"$77,988,917.59 "
230,11/26/2023,"$17,950,778.76 "
231,8/7/2023,"$49,799,085.31 "
232,1/22/2024,"$82,353,975.69 "
233,5/29/2023,"$16,726,003.51 "
234,11/17/2023,"$6,990,424.79 "
235,9/15/2023,"$52,125,334.54 "
236,12/1/2023,"$86,575,545.69 "
237,3/9/2023,"$1,513,213.90 "
238,1/6/2024,"$46,868,072.46 "
239,2/2/2024,"$48,246,409.59 "
240,7/12/2023,"$30,605,759.23 "
241,12/24/2023,"$23,754,887.38 "
242,1/19/2024,"$3,501,599.67 "
243,6/8/2023,"$83,630,505.76 "
244,1/20/2024,"$32,096,308.08 "
245,6/30/2023,"$18,964,876.26 "
246,6/11/2023,"$23,439,171.92 "
247,6/15/2023,"$94,181,991.29 "
248,2/7/2024,"$81,977,653.96 "
249,2/20/2024,"$19,289,157.89 "
250,2/13/2024,"$90,392,167.92 "
251,10/26/2023,"$92,668,601.44 "
252,3/3/2023,"$14,807,202.83 "
253,7/27/2023,"$36,261,796.76 "
254,8/22/2023,"$89,579,828.79 "
255,9/17/2023,"$64,858,280.83 "
256,12/24/2023,"$18,291,900.15 "
257,4/29/2023,"$37,039,856.17 "
258,7/20/2023,"$94,756,752.87 "
259,8/15/2023,"$9,966,679.06 "
260,3/8/2023,"$26,057,304.04 "
261,11/7/2023,"$8,393,892.90 "
262,4/14/2023,"$59,990,175.50 "
263,9/29/2023,"$22,229,371.15 "
264,3/19/2023,"$3,392,664.59 "
265,3/23/2023,"$57,536,108.84 "
266,9/4/2023,"$73,716,952.06 "
267,3/17/2023,"$45,908,178.27 "
268,2/17/2024,"$13,094,458.28 "
269,7/10/2023,"$73,996,906.96 "
270,7/12/2023,"$60,613,567.60 "
271,12/1/2023,"$28,857,127.83 "
272,12/2/2023,"$8,827,507.08 "
273,5/16/2023,"$25,659,305.93 "
274,4/21/2023,"$33,234,104.97 "
275,8/3/2023,"$28,818,367.41 "
276,3/30/2023,"$86,338,511.31 "
277,11/17/2023,"$71,759,178.60 "
278,1/7/2024,"$82,866,833.07 "
279,1/19/2024,"$29,481,162.60 "
280,3/30/2023,"$42,752,608.08 "
281,10/24/2023,"$96,754,128.38 "
282,9/13/2023,"$11,318,886.06 "
283,5/4/2023,"$66,567,223.89 "
284,8/2/2023,"$9,459,873.29 "
285,10/25/2023,"$95,177,090.99 "
286,6/28/2023,"$58,081,502.15 "
287,10/26/2023,"$71,942,708.82 "
288,12/3/2023,"$8,305,858.99 "
289,2/19/2024,"$44,615,043.01 "
290,12/28/2023,"$59,447,091.73 "
291,12/25/2023,"$85,864,500.99 "
292,12/20/2023,"$85,041,085.70 "
293,8/17/2023,"$20,610,062.17 "
294,10/11/2023,"$39,312,341.93 "
295,2/5/2024,"$98,328,645.61 "
296,3/22/2023,"$85,842,225.54 "
297,11/27/2023,"$36,070,583.78 "
298,7/26/2023,"$2,282,165.72 "
299,12/23/2023,"$76,169,240.13 "
300,3/7/2023,"$51,109,954.06 "
301,2/4/2024,"$71,604,505.23 "
302,2/3/2024,"$45,498,957.83 "
303,2/2/2024,"$82,870,659.34 "
304,3/6/2023,"$75,682,982.43 "
305,7/1/2023,"$17,460,796.46 "
306,6/6/2023,"$37,011,894.02 "
307,11/1/2023,"$30,114,694.62 "
308,11/17/2023,"$27,782,475.29 "
309,7/11/2023,"$67,559,413.08 "
310,6/10/2023,"$61,935,204.64 "
311,11/12/2023,"$78,201,371.61 "
312,12/3/2023,"$74,316,998.17 "
313,6/8/2023,"$41,605,737.59 "
314,12/16/2023,"$8,747,584.82 "
315,3/25/2023,"$16,028,609.31 "
316,12/26/2023,"$61,469,244.50 "
317,8/14/2023,"$1,567,263.53 "
318,2/4/2024,"$46,013,223.63 "
319,3/16/2023,"$55,440,596.07 "
320,7/2/2023,"$50,807,391.89 "
321,10/17/2023,"$91,346,768.42 "
322,10/14/2023,"$80,184,955.49 "
323,4/10/2023,"$85,363,165.86 "
324,5/4/2023,"$20,624,745.05 "
325,1/18/2024,"$93,949,464.89 "
326,4/9/2023,"$53,843,254.40 "
327,12/7/2023,"$69,738,844.51 "
328,1/7/2024,"$71,328,512.23 "
329,6/17/2023,"$5,264,279.54 "
330,4/23/2023,"$62,510,373.33 "
331,10/4/2023,"$34,659,037.86 "
332,12/26/2023,"$27,518,386.18 "
333,8/16/2023,"$32,771,877.79 "
334,7/3/2023,"$34,231,003.82 "
335,10/17/2023,"$56,274,103.33 "
336,4/24/2023,"$22,595,024.27 "
337,1/3/2024,"$29,466,809.37 "
338,5/25/2023,"$10,338,432.33 "
339,4/5/2023,"$52,404,250.04 "
340,2/15/2024,"$46,094,223.92 "
341,6/18/2023,"$88,703,698.96 "
342,6/10/2023,"$56,942,879.87 "
343,9/24/2023,"$60,230,465.35 "
344,12/12/2023,"$35,655,007.67 "
345,1/22/2024,"$6,014,778.68 "
346,12/4/2023,"$54,904,198.35 "
347,2/2/2024,"$30,614,763.04 "
348,9/11/2023,"$35,169,254.33 "
349,9/2/2023,"$42,661,605.49 "
350,7/6/2023,"$11,689,513.42 "
351,4/25/2023,"$65,125,828.71 "
352,5/12/2023,"$21,054,383.23 "
353,7/21/2023,"$6,311,697.24 "
354,8/2/2023,"$40,599,511.74 "
355,5/16/2023,"$83,605,137.99 "
356,7/28/2023,"$33,798,560.51 "
357,5/9/2023,"$32,028,439.76 "
358,11/10/2023,"$51,868,614.83 "
359,6/1/2023,"$15,865,140.13 "
360,11/2/2023,"$18,798,054.08 "
361,1/24/2024,"$88,395,828.97 "
362,7/12/2023,"$95,610,680.02 "
363,6/17/2023,"$98,983,345.37 "
364,4/26/2023,"$52,157,929.77 "
365,6/7/2023,"$21,791,747.70 "
366,4/8/2023,"$50,162,380.24 "
367,9/8/2023,"$30,289,533.02 "
368,5/29/2023,"$83,354,825.76 "
369,9/30/2023,"$17,485,056.35 "
370,6/16/2023,"$6,571,668.45 "
371,12/9/2023,"$25,760,550.39 "
372,2/4/2024,"$14,961,573.21 "
373,3/18/2023,"$6,521,157.42 "
374,7/27/2023,"$96,672,344.22 "
375,8/26/2023,"$48,041,572.44 "
376,8/16/2023,"$40,395,742.82 "
377,4/4/2023,"$545,983.01 "
378,5/18/2023,"$52,339,814.16 "
379,4/1/2023,"$40,864,294.41 "
380,1/22/2024,"$14,634,255.66 "
381,4/4/2023,"$20,978,066.02 "
382,10/25/2023,"$83,183,462.88 "
383,8/24/2023,"$27,981,490.38 "
384,7/29/2023,"$87,117,076.36 "
385,10/12/2023,"$59,193,736.64 "
386,11/4/2023,"$38,322,183.10 "
387,8/14/2023,"$98,622,768.73 "
388,3/15/2023,"$83,720,773.60 "
389,2/7/2024,"$3,314,143.55 "
390,9/22/2023,"$99,936,777.87 "
391,6/3/2023,"$96,779,806.75 "
392,1/19/2024,"$55,099,254.54 "
393,7/19/2023,"$37,766,870.55 "
394,1/17/2024,"$30,250,450.62 "
395,6/21/2023,"$80,283,358.27 "
396,2/27/2023,"$24,105,341.93 "
397,2/16/2024,"$38,521,524.30 "
398,12/20/2023,"$97,523,947.74 "
399,8/5/2023,"$36,878,895.32 "
400,7/24/2023,"$24,232,963.40 "
401,5/11/2023,"$7,690,724.21 "
402,6/23/2023,"$60,943,944.55 "
403,8/10/2023,"$2,155,210.69 "
404,11/1/2023,"$83,386,178.43 "
405,3/28/2023,"$94,523,315.71 "
406,9/19/2023,"$68,512,730.11 "
407,2/5/2024,"$75,530,159.97 "
408,4/16/2023,"$6,067,316.76 "
409,12/5/2023,"$17,301,862.88 "
410,3/14/2023,"$91,308,070.83 "
411,11/21/2023,"$4,454,451.89 "
412,5/8/2023,"$76,015,869.06 "
413,3/24/2023,"$72,679,335.25 "
414,11/7/2023,"$86,139,016.99 "
415,3/13/2023,"$32,321,288.56 "
416,5/22/2023,"$91,513,999.76 "
417,4/6/2023,"$12,046,406.73 "
418,10/31/2023,"$81,680,195.80 "
419,6/2/2023,"$60,552,718.18 "
420,3/4/2023,"$72,977,401.54 "
421,7/22/2023,"$63,240,702.49 "
422,6/21/2023,"$53,613,690.33 "
423,9/19/2023,"$91,293,365.21 "
424,8/17/2023,"$66,445,045.59 "
425,3/29/2023,"$83,616,575.98 "
426,1/29/2024,"$6,154,030.76 "
427,6/29/2023,"$60,734,665.67 "
428,6/3/2023,"$81,484,130.64 "
429,2/22/2024,"$73,769,675.04 "
430,5/9/2023,"$57,569,111.67 "
431,1/31/2024,"$65,864,495.08 "
432,1/11/2024,"$21,863,789.68 "
433,9/16/2023,"$78,929,155.13 "
434,1/20/2024,"$6,262,739.92 "
435,6/10/2023,"$45,407,808.25 "
436,12/22/2023,"$64,467,308.11 "
437,3/17/2023,"$78,408,289.83 "
438,1/24/2024,"$44,888,678.37 "
439,9/22/2023,"$31,358,100.01 "
440,12/3/2023,"$42,975,444.13 "
441,1/16/2024,"$25,885,980.97 "
442,6/28/2023,"$702,847.27 "
443,4/23/2023,"$33,932,361.00 "
444,8/3/2023,"$29,212,212.18 "
445,7/2/2023,"$79,681,681.91 "
446,12/26/2023,"$60,662,995.66 "
447,4/17/2023,"$834,641.33 "
448,7/1/2023,"$66,932,147.18 "
449,3/24/2023,"$89,018,283.28 "
450,3/13/2023,"$10,622,267.23 "
451,3/15/2023,"$68,256,840.77 "
452,11/17/2023,"$45,711,931.87 "
453,1/5/2024,"$15,993,111.64 "
454,1/21/2024,"$52,452,293.81 "
455,4/26/2023,"$33,077,619.04 "
456,2/6/2024,"$2,213,745.70 "
457,8/26/2023,"$51,530,185.79 "
458,8/4/2023,"$43,787,336.53 "
459,3/27/2023,"$32,263,358.75 "
460,11/9/2023,"$70,421,481.86 "
461,12/20/2023,"$85,902,587.38 "
462,12/18/2023,"$71,509,754.02 "
463,11/29/2023,"$17,995,177.89 "
464,1/15/2024,"$71,105,350.45 "
465,2/9/2024,"$36,144,701.56 "
466,10/26/2023,"$56,596,148.21 "
467,2/10/2024,"$5,608,974.20 "
468,3/12/2023,"$24,758,103.83 "
469,1/28/2024,"$48,341,605.44 "
470,2/5/2024,"$60,015,889.96 "
471,2/2/2024,"$79,312,994.75 "
472,1/23/2024,"$64,691,067.19 "
473,1/17/2024,"$7,445,019.33 "
474,5/5/2023,"$16,928,943.48 "
475,2/4/2024,"$55,986,531.96 "
476,3/19/2023,"$67,680,204.83 "
477,10/7/2023,"$34,295,562.91 "
478,10/28/2023,"$39,516,541.40 "
479,9/30/2023,"$37,144,623.74 "
480,3/11/2023,"$4,445,542.72 "
481,6/30/2023,"$91,865,963.77 "
482,5/22/2023,"$8,811,791.35 "
483,12/27/2023,"$96,018,843.40 "
484,2/17/2024,"$18,807,289.54 "
485,7/12/2023,"$5,957,136.68 "
486,8/1/2023,"$87,963,990.85 "
487,1/3/2024,"$88,810,489.02 "
488,7/3/2023,"$3,264,981.78 "
489,7/1/2023,"$44,629,778.77 "
490,1/15/2024,"$94,950,955.98 "
491,7/27/2023,"$50,773,540.66 "
492,2/18/2024,"$15,820,536.35 "
493,6/30/2023,"$71,594,483.69 "
494,10/27/2023,"$77,606,194.15 "
495,1/31/2024,"$16,177,432.55 "
496,11/7/2023,"$91,116,282.86 "
497,4/2/2023,"$71,016,522.75 "
498,1/2/2024,"$51,232,775.64 "
499,6/26/2023,"$20,897,737.03 "
500,11/19/2023,"$18,329,165.53 "
501,1/3/2024,"$51,486,600.03 "
502,1/25/2024,"$60,475,242.19 "
503,3/31/2023,"$91,688,286.49 "
504,6/20/2023,"$50,338,241.91 "
505,7/29/2023,"$42,553,743.71 "
506,2/23/2024,"$89,380,925.96 "
507,4/23/2023,"$18,364,028.29 "
508,9/7/2023,"$17,072,737.96 "
509,8/30/2023,"$75,669,098.91 "
510,9/2/2023,"$58,087,871.41 "
511,2/22/2024,"$71,766,053.90 "
512,12/11/2023,"$9,195,414.13 "
513,6/2/2023,"$16,471,047.47 "
514,4/12/2023,"$54,056,718.01 "
515,1/11/2024,"$41,751,196.00 "
516,4/20/2023,"$50,488,899.11 "
517,9/8/2023,"$64,646,458.72 "
518,11/7/2023,"$79,138,192.22 "
519,11/21/2023,"$67,775,095.80 "
520,10/26/2023,"$72,614,440.91 "
521,4/21/2023,"$27,103,836.50 "
522,1/23/2024,"$8,158,458.55 "
523,11/16/2023,"$76,108,431.82 "
524,3/18/2023,"$88,015,480.84 "
525,10/19/2023,"$44,035,256.09 "
526,12/2/2023,"$31,638,515.43 "
527,1/1/2024,"$42,426,845.00 "
528,10/23/2023,"$40,365,720.90 "
529,12/9/2023,"$16,508,345.10 "
530,4/6/2023,"$83,738,414.72 "
531,12/11/2023,"$19,645,970.34 "
532,12/24/2023,"$14,523,436.15 "
533,10/3/2023,"$52,828,274.47 "
534,7/12/2023,"$78,434,637.70 "
535,6/1/2023,"$30,253,560.06 "
536,11/21/2023,"$84,075,030.06 "
537,11/30/2023,"$38,874,651.75 "
538,11/26/2023,"$25,893,920.84 "
539,12/20/2023,"$64,656,985.32 "
540,11/13/2023,"$48,487,834.13 "
541,3/26/2023,"$4,652,175.33 "
542,3/23/2023,"$15,576,092.91 "
543,5/14/2023,"$10,054,670.65 "
544,10/2/2023,"$7,099,252.79 "
545,3/3/2023,"$13,560,710.60 "
546,12/24/2023,"$52,972,976.14 "
547,7/28/2023,"$15,941,091.53 "
548,1/2/2024,"$80,081,828.95 "
549,3/25/2023,"$58,724,135.73 "
550,2/24/2024,"$59,799,567.16 "
551,9/17/2023,"$28,835,400.25 "
552,4/21/2023,"$6,587,855.33 "
553,1/28/2024,"$87,739,735.38 "
554,3/14/2023,"$63,143,784.70 "
555,8/21/2023,"$76,804,946.99 "
556,6/15/2023,"$56,738,564.02 "
557,9/19/2023,"$94,304,744.21 "
558,3/8/2023,"$29,921,502.40 "
559,6/28/2023,"$62,545,067.69 "
560,7/31/2023,"$69,391,061.15 "
561,11/11/2023,"$12,662,666.53 "
562,9/7/2023,"$84,477,568.86 "
563,9/26/2023,"$8,195,665.71 "
564,4/4/2023,"$92,457,696.93 "
565,11/30/2023,"$84,656,698.48 "
566,5/1/2023,"$1,662,391.83 "
567,4/14/2023,"$44,727,494.92 "
568,5/5/2023,"$28,945,007.75 "
569,1/14/2024,"$48,032,878.59 "
570,4/30/2023,"$54,786,612.39 "
571,10/15/2023,"$20,075,348.72 "
572,8/3/2023,"$41,710,833.59 "
573,7/1/2023,"$65,077,823.30 "
574,4/1/2023,"$9,826,782.31 "
575,5/19/2023,"$85,843,592.19 "
576,7/26/2023,"$30,737,731.36 "
577,1/20/2024,"$7,221,597.83 "
578,5/6/2023,"$94,664,962.86 "
579,8/15/2023,"$37,514,131.66 "
580,4/26/2023,"$38,397,691.98 "
581,4/3/2023,"$94,737,361.96 "
582,8/20/2023,"$70,471,179.92 "
583,11/4/2023,"$35,819,879.18 "
584,2/22/2024,"$95,706,883.78 "
585,5/7/2023,"$6,232,317.20 "
586,2/3/2024,"$44,163,038.12 "
587,11/1/2023,"$61,850,155.82 "
588,3/8/2023,"$17,932,082.56 "
589,12/18/2023,"$44,620,385.23 "
590,12/8/2023,"$45,803,823.24 "
591,11/30/2023,"$91,246,068.31 "
592,1/8/2024,"$72,870,822.08 "
593,11/19/2023,"$47,778,638.53 "
594,6/7/2023,"$3,670,348.82 "
595,8/22/2023,"$99,809,478.74 "
596,4/21/2023,"$10,898,541.17 "
597,4/14/2023,"$12,958,330.20 "
598,4/16/2023,"$52,404,929.64 "
599,9/7/2023,"$90,595,145.31 "
600,2/17/2024,"$94,475,983.06 "
601,4/1/2023,"$1,112,313.65 "
602,2/24/2024,"$20,769,609.83 "
603,9/13/2023,"$17,226,891.54 "
604,8/20/2023,"$59,569,892.88 "
605,6/16/2023,"$36,512,156.93 "
606,11/30/2023,"$21,475,901.66 "
607,1/28/2024,"$99,426,618.71 "
608,2/15/2024,"$31,591,547.17 "
609,9/9/2023,"$17,901,997.47 "
610,11/18/2023,"$93,507,088.12 "
611,7/21/2023,"$4,122,502.06 "
612,8/19/2023,"$15,129,283.09 "
613,10/7/2023,"$85,238,178.93 "
614,10/14/2023,"$56,725,137.41 "
615,4/21/2023,"$8,048,348.90 "
616,7/23/2023,"$1,827,861.30 "
617,12/16/2023,"$88,943,981.45 "
618,1/25/2024,"$86,887,500.68 "
619,8/30/2023,"$59,658,041.51 "
620,12/11/2023,"$8,946,212.53 "
621,9/30/2023,"$85,844,710.03 "
622,11/15/2023,"$60,135,500.53 "
623,5/8/2023,"$37,774,475.04 "
624,10/14/2023,"$85,483,125.59 "
625,1/8/2024,"$73,215,209.42 "
626,7/27/2023,"$36,684,280.01 "
627,12/10/2023,"$35,389,680.85 "
628,7/16/2023,"$36,712,602.34 "
629,12/19/2023,"$98,244,586.24 "
630,10/5/2023,"$22,265,204.48 "
631,12/26/2023,"$49,910,091.09 "
632,4/9/2023,"$41,234,194.73 "
633,1/10/2024,"$78,127,371.60 "
634,12/12/2023,"$88,702,238.71 "
635,1/10/2024,"$27,693,400.40 "
636,7/12/2023,"$32,202,964.97 "
637,3/3/2023,"$55,091,806.00 "
638,12/12/2023,"$42,585,985.75 "
639,2/20/2024,"$26,026,227.81 "
640,5/12/2023,"$17,065,349.80 "
641,2/18/2024,"$78,381,012.18 "
642,3/16/2023,"$56,834,877.99 "
643,6/21/2023,"$33,896,297.11 "
644,10/31/2023,"$89,597,230.00 "
645,2/23/2024,"$81,803,301.44 "
646,5/17/2023,"$95,859,198.42 "
647,9/27/2023,"$35,750,322.71 "
648,3/11/2023,"$19,429,609.25 "
649,5/3/2023,"$69,858,237.50 "
650,2/5/2024,"$40,377,320.45 "
651,1/21/2024,"$93,039,414.44 "
652,1/24/2024,"$86,759,733.57 "
653,4/20/2023,"$46,796,396.58 "
654,12/8/2023,"$45,002,197.06 "
655,1/5/2024,"$55,485,446.59 "
656,11/22/2023,"$82,092,861.16 "
657,9/25/2023,"$19,338,476.42 "
658,10/15/2023,"$9,536,353.75 "
659,7/1/2023,"$57,760,070.31 "
660,12/11/2023,"$19,367,698.70 "
661,8/30/2023,"$74,341,216.49 "
662,6/12/2023,"$73,310,026.69 "
663,4/2/2023,"$26,263,937.12 "
664,4/26/2023,"$91,618,163.66 "
665,8/22/2023,"$656,333.11 "
666,7/3/2023,"$20,897,882.56 "
667,2/25/2024,"$86,479,631.22 "
668,2/3/2024,"$78,328,824.67 "
669,6/6/2023,"$45,689,124.27 "
670,5/7/2023,"$65,733,097.78 "
671,5/7/2023,"$59,019,330.21 "
672,9/12/2023,"$88,936,937.61 "
673,9/2/2023,"$37,889,422.83 "
674,9/4/2023,"$71,467,347.85 "
675,11/3/2023,"$93,510,773.08 "
676,4/20/2023,"$41,343,863.25 "
677,8/27/2023,"$30,682,901.44 "
678,2/23/2024,"$64,873,326.93 "
679,11/4/2023,"$87,816,919.71 "
680,5/15/2023,"$22,752,582.64 "
681,1/20/2024,"$94,508,378.61 "
682,5/13/2023,"$53,380,592.62 "
683,5/30/2023,"$8,949,777.18 "
684,7/29/2023,"$54,054,608.13 "
685,6/8/2023,"$76,253,084.84 "
686,7/25/2023,"$8,355,535.02 "
687,8/20/2023,"$53,632,227.59 "
688,10/30/2023,"$36,521,813.28 "
689,2/19/2024,"$91,629,226.18 "
690,1/6/2024,"$43,772,380.58 "
691,1/17/2024,"$59,268,518.21 "
692,8/9/2023,"$8,921,627.13 "
693,7/19/2023,"$80,425,630.36 "
694,1/15/2024,"$27,237,710.91 "
695,3/1/2023,"$67,312,719.60 "
696,1/29/2024,"$61,762,245.18 "
697,1/9/2024,"$24,785,357.17 "
698,8/28/2023,"$92,007,487.11 "
699,3/23/2023,"$84,561,665.17 "
700,3/9/2023,"$70,721,365.47 "
701,5/7/2023,"$58,151,472.03 "
702,9/3/2023,"$26,699,200.69 "
703,5/17/2023,"$91,355,031.28 "
704,11/23/2023,"$25,952,400.14 "
705,2/6/2024,"$21,507,444.23 "
706,5/17/2023,"$88,376,951.55 "
707,2/18/2024,"$11,165,698.49 "
708,8/27/2023,"$20,630,228.43 "
709,8/2/2023,"$92,592,727.80 "
710,10/30/2023,"$38,164,578.44 "
711,5/3/2023,"$32,937,332.43 "
712,1/25/2024,"$68,148,287.77 "
713,5/14/2023,"$24,010,683.17 "
714,8/1/2023,"$45,347,038.49 "
715,2/21/2024,"$56,602,986.43 "
716,5/1/2023,"$74,395,584.41 "
717,12/9/2023,"$73,833,367.26 "
718,10/18/2023,"$94,226,746.59 "
719,9/11/2023,"$7,778,188.56 "
720,3/29/2023,"$17,764,001.74 "
721,12/9/2023,"$46,763,641.02 "
722,12/22/2023,"$49,500,865.45 "
723,5/25/2023,"$72,722,786.18 "
724,9/22/2023,"$57,463,683.60 "
725,12/1/2023,"$95,314,705.57 "
726,2/10/2024,"$53,075,139.26 "
727,9/3/2023,"$73,957,200.14 "
728,1/2/2024,"$4,511,338.11 "
729,1/22/2024,"$45,274,959.27 "
730,6/2/2023,"$89,180,060.18 "
731,1/27/2024,"$70,712,573.82 "
732,2/21/2024,"$11,666,401.46 "
733,9/6/2023,"$12,531,533.05 "
734,1/23/2024,"$77,308,885.08 "
735,3/29/2023,"$77,933,040.45 "
736,3/22/2023,"$56,967,351.60 "
737,10/25/2023,"$37,998,538.43 "
738,4/29/2023,"$57,562,984.63 "
739,11/9/2023,"$18,750,034.90 "
740,3/28/2023,"$79,767,514.08 "
741,2/6/2024,"$19,082,533.62 "
742,7/18/2023,"$72,538,452.97 "
743,5/6/2023,"$40,526,845.98 "
744,11/20/2023,"$73,511,988.07 "
745,3/3/2023,"$38,689,291.13 "
746,8/18/2023,"$14,812,488.07 "
747,9/21/2023,"$85,690,034.88 "
748,12/12/2023,"$90,554,963.86 "
749,4/13/2023,"$69,095,604.48 "
750,4/10/2023,"$67,085,821.01 "
751,8/18/2023,"$790,141.88 "
752,6/13/2023,"$37,740,301.23 "
753,10/27/2023,"$90,276,329.92 "
754,4/6/2023,"$70,419,807.00 "
755,5/30/2023,"$18,626,209.09 "
756,7/5/2023,"$75,391,020.63 "
757,3/15/2023,"$7,896,395.55 "
758,9/12/2023,"$89,515,916.92 "
759,2/7/2024,"$99,450,067.55 "
760,4/18/2023,"$60,181,481.69 "
761,7/2/2023,"$48,296,323.05 "
762,11/29/2023,"$87,039,955.77 "
763,7/1/2023,"$27,446,093.95 "
764,11/11/2023,"$19,698,333.13 "
765,1/26/2024,"$90,948,282.35 "
766,1/4/2024,"$24,563,709.51 "
767,12/8/2023,"$94,985,875.17 "
768,5/19/2023,"$88,640,876.53 "
769,11/27/2023,"$10,470,845.45 "
770,2/12/2024,"$93,822,933.72 "
771,12/29/2023,"$25,893,636.26 "
772,10/1/2023,"$1,901,461.64 "
773,7/3/2023,"$95,836,771.80 "
774,12/17/2023,"$90,153,123.92 "
775,2/8/2024,"$46,935,883.33 "
776,9/4/2023,"$96,708,607.62 "
777,5/27/2023,"$21,947,116.15 "
778,12/2/2023,"$31,333,257.33 "
779,6/16/2023,"$26,687,663.86 "
780,6/7/2023,"$26,896,854.65 "
781,1/18/2024,"$85,536,430.09 "
782,3/27/2023,"$26,834,645.72 "
783,5/5/2023,"$26,856,692.15 "
784,2/22/2024,"$85,608,406.00 "
785,12/8/2023,"$16,094,913.00 "
786,1/27/2024,"$57,640,416.76 "
787,9/3/2023,"$54,572,587.17 "
788,8/2/2023,"$20,966,320.92 "
789,12/2/2023,"$99,041,921.21 "
790,8/2/2023,"$72,108,913.93 "
791,5/22/2023,"$46,879,578.57 "
792,4/5/2023,"$30,878,955.97 "
793,6/8/2023,"$19,229,775.93 "
794,5/1/2023,"$68,673,915.39 "
795,5/15/2023,"$48,645,561.02 "
796,5/14/2023,"$22,722,550.30 "
797,6/30/2023,"$99,536,114.03 "
798,7/19/2023,"$29,468,091.55 "
799,3/28/2023,"$48,778,840.01 "
800,6/7/2023,"$61,832,410.86 "
801,11/16/2023,"$26,994,588.02 "
802,6/30/2023,"$37,483,878.20 "
803,7/1/2023,"$22,973,079.08 "
804,1/28/2024,"$85,004,461.40 "
805,3/31/2023,"$10,396,395.76 "
806,1/29/2024,"$53,353,312.41 "
807,10/9/2023,"$82,789,435.07 "
808,8/28/2023,"$71,062,461.08 "
809,3/21/2023,"$93,246,485.35 "
810,6/10/2023,"$91,956,417.00 "
811,2/8/2024,"$30,091,235.93 "
812,12/5/2023,"$79,142,334.76 "
813,8/12/2023,"$98,325,416.78 "
814,9/30/2023,"$94,725,470.81 "
815,3/14/2023,"$99,124,620.61 "
816,5/5/2023,"$93,417,234.76 "
817,4/19/2023,"$20,709,210.20 "
818,10/20/2023,"$69,547,982.57 "
819,3/18/2023,"$70,316,318.90 "
820,6/21/2023,"$68,221,540.55 "
821,4/9/2023,"$96,909,978.84 "
822,5/6/2023,"$79,054,071.50 "
823,1/22/2024,"$10,860,249.14 "
824,7/1/2023,"$88,947,883.25 "
825,4/22/2023,"$33,550,704.77 "
826,7/15/2023,"$30,584,821.83 "
827,1/5/2024,"$34,160,490.71 "
828,6/4/2023,"$75,277,799.08 "
829,10/16/2023,"$57,600,221.21 "
830,3/15/2023,"$96,991,760.39 "
831,6/28/2023,"$94,128,696.79 "
832,12/15/2023,"$63,286,894.86 "
833,10/8/2023,"$45,572,654.52 "
834,5/14/2023,"$8,342,650.23 "
835,6/27/2023,"$30,415,467.75 "
836,7/2/2023,"$18,571,249.80 "
837,3/4/2023,"$68,024,347.29 "
838,5/30/2023,"$73,711,879.21 "
839,4/16/2023,"$57,420,966.07 "
840,8/10/2023,"$28,848,514.67 "
841,10/28/2023,"$66,252,712.26 "
842,9/8/2023,"$60,509,413.22 "
843,12/9/2023,"$60,327,339.52 "
844,3/7/2023,"$70,530,446.96 "
845,9/28/2023,"$78,377,361.53 "
846,7/25/2023,"$11,200,596.93 "
847,8/31/2023,"$57,874,238.31 "
848,9/5/2023,"$63,687,273.31 "
849,4/21/2023,"$69,313,357.95 "
850,12/18/2023,"$1,938,898.08 "
851,5/22/2023,"$56,092,544.01 "
852,9/11/2023,"$70,217,810.74 "
853,1/9/2024,"$8,627,430.39 "
854,4/24/2023,"$99,153,728.82 "
855,2/7/2024,"$40,241,592.39 "
856,10/18/2023,"$16,888,945.36 "
857,2/21/2024,"$14,512,751.00 "
858,4/3/2023,"$62,893,196.49 "
859,9/1/2023,"$98,303,938.57 "
860,12/4/2023,"$30,445,846.95 "
861,9/24/2023,"$22,309,602.65 "
862,5/30/2023,"$84,275,658.80 "
863,10/8/2023,"$30,133,106.73 "
864,11/5/2023,"$18,053,695.46 "
865,12/29/2023,"$37,132,120.34 "
866,10/17/2023,"$38,302,303.05 "
867,1/22/2024,"$68,931,101.04 "
868,11/19/2023,"$97,176,020.05 "
869,8/19/2023,"$22,193,136.13 "
870,10/18/2023,"$18,336,849.71 "
871,9/28/2023,"$8,238,686.07 "
872,5/31/2023,"$17,333,360.81 "
873,10/12/2023,"$42,186,673.67 "
874,1/1/2024,"$15,957,747.67 "
875,6/4/2023,"$1,580,880.69 "
876,11/10/2023,"$59,331,333.90 "
877,1/25/2024,"$88,333,118.39 "
878,3/3/2023,"$31,077,720.20 "
879,12/19/2023,"$68,148,120.81 "
880,10/8/2023,"$94,904,103.68 "
881,3/30/2023,"$90,819,582.36 "
882,12/20/2023,"$9,086,395.79 "
883,7/14/2023,"$68,033,005.22 "
884,8/29/2023,"$77,326,779.34 "
885,12/24/2023,"$99,152,051.55 "
886,4/4/2023,"$62,628,190.56 "
887,6/1/2023,"$73,999,327.37 "
888,4/11/2023,"$39,743,112.79 "
889,6/22/2023,"$4,532,808.39 "
890,1/17/2024,"$40,957,672.69 "
891,1/13/2024,"$43,616,146.14 "
892,8/3/2023,"$78,737,869.96 "
893,5/24/2023,"$75,809,928.83 "
894,1/15/2024,"$79,653,007.99 "
895,5/28/2023,"$54,696,273.43 "
896,1/29/2024,"$75,685,607.81 "
897,9/17/2023,"$60,067,351.63 "
898,11/23/2023,"$19,853,140.39 "
899,1/30/2024,"$55,737,915.38 "
900,5/17/2023,"$86,881,711.03 "
901,9/17/2023,"$76,249,910.79 "
902,5/12/2023,"$32,965,887.87 "
903,6/19/2023,"$67,367,148.36 "
904,8/24/2023,"$76,486,007.76 "
905,7/20/2023,"$33,698,879.53 "
906,6/28/2023,"$9,940,819.86 "
907,8/22/2023,"$93,691,480.35 "
908,9/11/2023,"$20,110,638.10 "
909,3/27/2023,"$66,674,063.68 "
910,1/27/2024,"$42,908,008.30 "
911,9/24/2023,"$34,859,059.42 "
912,5/11/2023,"$53,960,591.09 "
913,8/24/2023,"$99,125,285.59 "
914,6/23/2023,"$3,159,546.79 "
915,10/20/2023,"$8,776,634.90 "
916,7/12/2023,"$55,072,953.37 "
917,7/26/2023,"$88,293,750.94 "
918,7/7/2023,"$23,521,474.29 "
919,9/3/2023,"$78,406,141.83 "
920,1/13/2024,"$61,023,193.24 "
921,9/18/2023,"$94,288,571.22 "
922,8/2/2023,"$86,243,057.64 "
923,5/31/2023,"$65,751,477.62 "
924,2/24/2024,"$27,777,419.43 "
925,5/26/2023,"$96,193,812.05 "
926,9/5/2023,"$59,246,045.74 "
927,7/17/2023,"$22,131,359.47 "
928,7/17/2023,"$11,835,946.62 "
929,6/29/2023,"$83,255,973.97 "
930,12/31/2023,"$16,315,624.50 "
931,12/13/2023,"$19,936,860.98 "
932,6/30/2023,"$91,512,045.03 "
933,7/7/2023,"$27,703,237.39 "
934,3/9/2023,"$9,322,545.37 "
935,11/14/2023,"$99,200,402.73 "
936,8/28/2023,"$74,077,774.09 "
937,8/26/2023,"$85,866,915.35 "
938,3/31/2023,"$66,760,121.61 "
939,9/27/2023,"$44,690,266.29 "
940,8/30/2023,"$92,794,632.44 "
941,3/17/2023,"$38,523,786.00 "
942,8/2/2023,"$64,965,050.20 "
943,2/25/2024,"$35,823,294.92 "
944,9/25/2023,"$12,696,639.93 "
945,1/31/2024,"$53,805,454.87 "
946,9/11/2023,"$25,457,304.93 "
947,10/1/2023,"$71,715,330.74 "
948,5/27/2023,"$45,580,307.56 "
949,5/9/2023,"$25,872,760.55 "
950,6/22/2023,"$44,783,719.47 "
951,5/18/2023,"$75,321,907.06 "
952,4/13/2023,"$6,677,549.10 "
953,7/9/2023,"$89,196,065.81 "
954,7/1/2023,"$66,419,919.49 "
955,1/21/2024,"$94,789,239.54 "
956,9/4/2023,"$53,159,937.46 "
957,1/9/2024,"$4,298,418.82 "
958,2/22/2024,"$68,179,004.22 "
959,1/2/2024,"$92,741,432.50 "
960,1/7/2024,"$88,564,335.14 "
961,7/13/2023,"$52,914,872.26 "
962,4/30/2023,"$98,753,872.80 "
963,4/17/2023,"$61,058,109.24 "
964,4/3/2023,"$22,945,809.20 "
965,12/2/2023,"$86,088,445.97 "
966,4/5/2023,"$77,384,334.62 "
967,10/27/2023,"$55,919,737.28 "
968,4/9/2023,"$1,988,524.25 "
969,10/5/2023,"$92,424,870.34 "
970,1/15/2024,"$20,775,391.17 "
971,5/2/2023,"$48,588,848.61 "
972,2/14/2024,"$47,969,188.40 "
973,6/15/2023,"$65,212,331.76 "
974,3/22/2023,"$41,946,355.93 "
975,6/3/2023,"$78,278,041.41 "
976,6/18/2023,"$46,897,183.73 "
977,3/29/2023,"$11,983,912.09 "
978,7/17/2023,"$87,223,140.98 "
979,10/12/2023,"$94,217,881.37 "
980,3/1/2023,"$57,108,164.92 "
981,5/10/2023,"$92,194,354.88 "
982,5/30/2023,"$12,375,746.41 "
983,9/29/2023,"$79,794,799.37 "
984,7/6/2023,"$82,930,996.64 "
985,3/22/2023,"$43,254,499.92 "
986,5/29/2023,"$88,318,540.75 "
987,5/11/2023,"$97,626,838.57 "
988,12/4/2023,"$33,369,426.18 "
989,8/6/2023,"$47,516,275.36 "
990,12/23/2023,"$64,887,855.84 "
991,9/18/2023,"$55,065,206.88 "
992,9/20/2023,"$64,800,177.43 "
993,1/7/2024,"$47,020,190.56 "
994,7/5/2023,"$99,683,150.82 "
995,11/16/2023,"$92,859,916.89 "
996,5/26/2023,"$78,503,517.67 "
997,5/13/2023,"$67,463,745.32 "
998,5/29/2023,"$91,809,653.58 "
999,8/13/2023,"$75,076,678.66 "
1000,4/13/2023,"$3,749,361.86 "
